"","target_id","gene_description","num_aggregated_transcripts","sum_mean_obs_counts","pval","qval"
"1","Phvul.006G059500","",6,33.461079441398,4.47830892613467e-08,0.000971210856810827
"2","Phvul.003G209300","",7,42.8046815709688,1.45485574344649e-06,0.015775728254062
